Coder ID,Dentist ID (ex: 102),Dentist Sample ID (ex: 102.1),Gender of the employee they spoke to,How consistently was the script delivered?,"Did the confederate stick to the script? (Yes/No); if no, write what happened.",How entirely was the script delivered?,Was the employee surprised by the phone call?,Was the employee confused by the phone call?,How friendly was the receptionist AFTER the script was delivered?,How interested did she/he seem?,How favorable was the receptionist?,How willing was she/he seem to help?,How willing was she/he seem to help?,Friendliness: How friendly was the conversation overall?,Curtness: How curt was the conversation overall?,Warmth: How warm was the conversation overall?,Rude: How rude was the conversation overall?,Empathetic: How empathetic was the conversation overall?,Suspicious: How suspicious was the conversation overall?,Helpful: How helpful was the conversation overall?,Overall was the interaction negative or positive?,"How long was the interaction? (time spent interacting, not duration of audio recording- measured in seconds)",Was this audio codable?,What race do you think the answerer is?,How certain are you of this?,,,,,,
1,101,101.1,Female,6,Yes,All of script was delivered,2,2,5,4,5,5,They seemed interested in helping.,4,2,4,1,3,3,5,4,161.72,Yes,White,3,,,,,,
1,103,103.2,Female,7,Yes,All of script was delivered,1,1,2,1,2,1,Not at all,2,6,2,6,2,2,1,2,30.81,Yes,White,5,,,,,,
1,105,105.1,Female,7,Yes,All of script was delivered,2,1,6,6,6,6,Very willing to help,7,1,6,1,6,1,7,7,78.11,Yes,White,5,,,,,,
1,109,109.1,Female,7,Yes,All of script was delivered,2,1,4,3,4,4,Fairly willing.,4,3,4,1,3,1,4,4,84.38,Yes,White,5,,,,,,
1,111,111.2,Female,7,Yes,All of script was delivered,4,3,3,1,2,2,Less willing to help,2,5,2,4,1,1,1,3,40.37,Maybe,Asian,1,,,,,,
1,111,111.4,Female,7,Yes,Most of script was delivered,1,1,4,2,3,4,Semi-willing to help,3,5,2,4,2,1,4,3,79,Yes,Asian,5,,,,,,
1,113,113.1,Female,7,Yes,All of script was delivered,5,2,5,5,5,6,Willing but unable at this time,5,1,4,1,5,1,5,5,33.21,Yes,White,4,,,,,,
1,114,114.1,Female,7,Yes,All of script was delivered,4,4,1,1,1,1,Not willing,1,6,1,7,1,2,1,2,46.96,Yes,White,3,,,,,,
1,119,119.3,Female,7,Yes,All of script was delivered,3,3,4,5,4,5,willing,4,3,4,2,4,2,5,5,191,Yes,Black,3,,,,,,
1,119,119.4,Female,7,Yes,All of script was delivered,3,4,6,4,6,6,willing,5,1,3,1,3,1,1,5,31.53,Yes,Black,3,,,,,,
1,121,121.1,Female,7,Yes,All of script was delivered,1,2,3,4,2,2,"Not, after finding out it wasn't a patient of theirs",2,6,2,5,3,2,1,2,38.31,Yes,Black,4,,,,,,
1,123,123.1,Female,7,Yes,All of script was delivered,4,2,5,4,6,6,Willing,7,2,6,1,4,1,5,6,58.31,Yes,Latinx,2,,,,,,
1,125,125.2,Female,7,Yes,All of script was delivered,5,3,6,5,6,6,Willing,6,1,5,1,3,2,6,6,35.4,Yes,Latinx,3,,,,,,
1,129,129.1,Female,7,Yes,All of script was delivered,2,1,6,5,6,6,Willing,6,1,5,1,2,2,5,5,43.04,Yes,Latinx,6,,,,,,
1,129,129.2,Female,4,Yes,Most of script was delivered,3,3,5,5,5,6,Willing,5,2,3,1,3,3,5,5,104.78,Yes,White,5,,,,,,
1,129,129.4,Female,6,Yes,Most of script was delivered,2,1,5,5,5,5,Willing,5,1,4,1,2,1,4,5,52.07,Yes,White,4,,,,,,
1,130,130.1,Female,7,Yes,All of script was delivered,4,2,5,5,6,6,Willing,6,1,5,1,3,1,7,6,70.19,Yes,White,6,,,,,,
1,131,131.1,Female,7,Yes,All of script was delivered,2,1,4,1,2,1,Not willing,5,3,3,1,1,4,1,4,20.98,Yes,White,4,,,,,,
1,133,133.1,Female,7,Yes,All of script was delivered,3,2,6,5,6,6,Willing,6,1,5,1,4,1,7,7,79.11,Yes,White,5,,,,,,
1,135,135.2,Female,7,Yes,All of script was delivered,2,3,6,6,7,5,Willing,6,1,5,1,2,1,5,6,64.74,Yes,Latinx,5,,,,,,
1,135,135.4,Female,7,Yes,All of script was delivered,3,2,6,6,6,6,Willing,6,1,5,1,3,2,5,6,59,Yes,Latinx,6,,,,,,
1,137,137.1,Female,6,Yes,All of script was delivered,2,3,4,4,4,5,Willing,5,1,4,1,3,3,5,5,49.5,Yes,White,5,,,,,,
1,137,137.2,Female,5,Yes,Most of script was delivered,3,4,5,5,6,5,Willing,7,1,7,1,4,2,6,7,107.1,Yes,White,6,,,,,,
1,137,137.3,Female,1,Voicemail left by dentist,None of script was delivered,1,1,6,4,6,1,Not willing,6,1,5,1,5,1,1,6,31.21,Yes,White,5,,,,,,
1,143,143.1,Female,7,Yes,All of script was delivered,4,2,5,4,4,4,Semi-willing,5,2,3,1,2,1,4,4,50.47,Yes,Asian,3,,,,,,
1,145,145.1,Female,7,Yes,All of script was delivered,2,1,6,6,7,7,Very willing,6,1,6,1,5,3,7,7,143.39,Yes,White,4,,,,,,
1,146,146.1,Female,7,Yes,All of script was delivered,3,1,6,6,6,6,Willing,,1,6,1,5,1,7,6,74.48,No,Black,3,,,,,,
1,147,147.1,Female,7,Yes,All of script was delivered,2,1,6,5,6,5,Willing,5,1,5,1,3,3,4,5,32.08,Yes,White,5,,,,,,
1,151,151.2,Female,7,Yes,All of script was delivered,5,2,5,3,5,5,Willing,5,2,4,1,3,2,4,4,38.62,Yes,Latinx,3,,,,,,
1,151,151.3,Female,7,Yes,All of script was delivered,1,2,5,5,5,6,Willing,5,1,5,1,5,3,6,6,159.39,Yes,White,5,,,,,,
1,154,154.2,Female,7,Yes,All of script was delivered,6,3,5,5,6,6,Willing,6,1,5,1,3,2,4,4,30.45,Yes,Asian,3,,,,,,
1,154,154.3,Female,4,"No, it was a callback. Full script was not delivered",Some of script was delivered,3,1,5,5,6,5,Willing,6,2,5,1,2,1,5,5,24.33,Yes,White,5,,,,,,
1,157,157.1,Female,7,Yes,All of script was delivered,2,2,4,5,5,5,Willing,4,2,4,2,2,3,5,4,50.72,Yes,White,5,,,,,,
1,167,167.1,Female,7,Yes,All of script was delivered,3,1,4,1,4,1,Not willing,3,5,1,2,1,1,1,3,24.44,Yes,White,3,,,,,,
1,169,169.1,Female,7,Yes,All of script was delivered,4,1,5,5,6,6,Willing,6,1,6,1,3,2,5,5,72.23,Yes,Latinx,2,,,,,,
1,169,169.2,Female,6,"Yes, callback",Most of script was delivered,3,3,5,5,6,6,Willing,6,1,6,1,4,2,6,5,79.16,Yes,Black,5,,,,,,
1,170,170.2,Female,7,Yes,All of script was delivered,3,2,5,4,5,4,Semi-Willing,5,1,5,1,2,3,5,5,75.66,Yes,White,4,,,,,,
1,170,170.3,Female,4,"No, callback so full script not delievered",Some of script was delivered,3,5,4,4,5,5,Willing,4,1,3,1,2,3,4,4,104.71,Yes,Latinx,5,,,,,,
1,170,170.4,Female,5,Yes,Most of script was delivered,1,1,5,5,6,6,Willing,6,1,6,1,3,1,6,6,60.31,Yes,Black,6,,,,,,
1,172,173.1,Female,7,Yes,All of script was delivered,4,1,6,6,6,6,Willing,7,1,6,1,3,1,6,6,42.74,Yes,Black,6,,,,,,
1,175,175.2,Female,7,Yes,All of script was delivered,2,1,4,3,4,4,Semi-Willing,4,3,3,1,2,1,3,4,80.75,Yes,White,3,,,,,,
1,175,175.3,Female,7,Yes,All of script was delivered,3,4,4,3,4,2,Not-willing,3,4,2,2,2,1,4,4,55.54,Yes,Latinx,5,,,,,,
1,175,175.4,Male,7,Yes,All of script was delivered,5,4,4,4,5,4,Semi-willing,4,2,3,1,2,3,4,4,105.86,Yes,Latinx,3,,,,,,
1,177,177.1,Female,7,Yes,All of script was delivered,3,5,4,4,4,4,Semi-willing,4,3,3,2,1,2,3,3,119.13,Yes,Asian,6,,,,,,
1,177,177.2,Female,6,"Yes, callback so full script not delievered",Most of script was delivered,2,2,3,2,4,2,Not willing,4,2,1,3,1,2,3,4,43.13,Yes,Latinx,5,,,,,,
1,181,181.1,Could not tell,7,Yes,All of script was delivered,2,3,5,5,6,5,Willing,6,1,5,1,3,3,5,5,150.97,Yes,White,4,,,,,,
1,183,183.2,Female,7,Yes,All of script was delivered,2,1,3,1,3,1,Not willing,3,6,1,3,1,3,1,2,24.26,Yes,White,3,,,,,,
1,185,185.5,Female,4,"Yes, callback so full script was not delivered",Some of script was delivered,2,1,5,5,5,5,Willing,5,2,4,1,2,1,5,5,59.51,Yes,White,5,,,,,,
1,186,186.1,Female,7,Yes,All of script was delivered,4,2,5,4,6,6,Willing,6,1,5,1,3,1,5,6,30.51,Yes,White,3,,,,,,
1,191,191.1,Female,7,Yes,All of script was delivered,3,4,6,6,6,7,Willing,7,1,6,1,5,3,7,6,93.98,Yes,White,5,,,,,,
1,194,194.1,Female,7,Yes,All of script was delivered,2,2,6,6,6,6,Willing,6,1,6,1,3,1,6,6,67.2,Yes,White,5,,,,,,
1,194,194.3,Female,1,"No, callback from facility. Script had previously been delivered",None of script was delivered,1,1,6,6,6,6,Willing,6,1,6,1,2,1,6,6,43.44,Yes,Black,5,,,,,,
1,195,195.5,Female,7,Yes,All of script was delivered,3,2,2,1,2,1,Not willing,1,7,1,5,1,1,1,2,33.38,Yes,Black,6,,,,,,
1,203,203.1,Female,7,Yes,All of script was delivered,2,1,3,2,4,3,Semi-willing,3,5,1,2,1,1,3,4,32.7,Yes,White,3,,,,,,
1,203,203.2,Female,7,Yes,All of script was delivered,2,2,5,4,5,4,Semi-willing,5,1,5,1,1,1,5,5,32.51,Yes,Black,4,,,,,,
1,206,206.1,Female,7,Yes,All of script was delivered,3,1,4,1,4,1,Not willing,4,2,3,2,1,1,4,4,38.24,Yes,White,5,,,,,,
1,210,210.1,Female,7,Yes,All of script was delivered,2,1,4,1,4,1,Not willing,3,3,2,1,1,1,2,4,23.9,Yes,Latinx,2,,,,,,
1,216,216.3,Female,7,Yes,All of script was delivered,3,1,4,4,4,5,Willing,5,1,4,1,1,3,4,4,57.63,Yes,Asian,5,,,,,,
1,218,218.1,Female,7,Yes,All of script was delivered,3,3,5,5,5,5,Willing,5,1,4,1,1,2,5,4,60,Yes,Latinx,5,,,,,,
1,218,218.2,Female,5,"Yes, callback so full script was not delivered",Some of script was delivered,3,1,5,5,5,5,Willing,5,1,5,1,2,1,5,5,35.93,Yes,Asian,3,,,,,,
1,218,218.3,,7,Yes,All of script was delivered,3,1,5,4,5,4,Semi-Willing,5,1,5,1,2,1,5,5,44.65,Yes,Latinx,3,,,,,,
1,219,219.2,Female,7,Yes,All of script was delivered,2,1,6,6,6,6,Willing,5,1,6,1,2,2,6,6,78.17,Yes,Latinx,6,,,,,,
1,222,222.1,Female,7,Yes,All of script was delivered,3,1,6,6,6,6,Willing,6,1,6,1,3,2,6,6,54.46,Yes,Black,6,,,,,,
1,224,224.2,Female,7,Yes,All of script was delivered,3,3,6,6,6,6,Willing,6,1,6,1,3,1,6,6,134.93,Yes,White,3,,,,,,
1,226,226.1,Female,6,Yes,All of script was delivered,2,1,4,1,4,1,Not willing,4,5,2,2,1,1,1,3,22.45,Yes,Latinx,3,,,,,,
1,227,227.2,Male,7,Yes,All of script was delivered,2,1,5,5,5,6,Willing,6,1,5,1,3,3,6,6,83.72,Yes,Asian,3,,,,,,
1,232,232.1,Male,5,"Yes, said wrong name (michelle instead of maria). Corrected",All of script was delivered,3,2,2,1,4,1,Not willing,2,5,1,4,1,1,1,2,28.45,Yes,Asian,4,,,,,,
1,234,234.1,Female,7,Yes,All of script was delivered,4,1,5,4,5,5,Willing,4,2,4,1,2,3,4,4,45.36,Yes,White,4,,,,,,
1,234,234.5,Female,5,"Callback, direct script not delivered",Most of script was delivered,3,2,6,5,6,5,Willing,6,1,5,1,2,3,6,6,43.23,Yes,Latinx,3,,,,,,
1,234,234.7,Female,5,"Callback, full script not delivered",Some of script was delivered,2,1,5,5,6,3,Not willing,5,1,5,1,3,1,3,5,28.31,Yes,White,3,,,,,,
1,240,240.3,Female,2,"Callback, script was not redelivered",Some of script was delivered,5,2,6,5,5,5,Willing,6,1,5,1,2,1,5,5,47.88,Yes,Latinx,5,,,,,,
1,240,240.4,Female,7,Yes,Most of script was delivered,,,,,,,,,,,,,,,,14.11,No,,,,,,,,
1,240,240.5,Female,7,Yes,All of script was delivered,2,1,4,3,4,3,Semi-willing,4,3,2,2,1,1,4,4,51.47,Yes,White,2,,,,,,
1,242,242.1,Female,7,Yes,All of script was delivered,3,4,5,5,5,5,Willing,5,1,5,1,2,3,5,5,48.39,Yes,Latinx,5,,,,,,
1,243,243.1,Female,7,Yes,All of script was delivered,2,1,5,4,5,3,Not willing,5,3,3,1,1,1,4,4,61.44,Yes,Black,3,,,,,,
1,246,246.1,Female,7,Yes,All of script was delivered,3,1,5,5,5,5,Willing,6,1,5,1,2,3,5,6,55.06,Yes,White,3,,,,,,
1,248,248.1,Female,7,Yes,All of script was delivered,2,1,7,6,7,6,Willing,7,1,7,1,3,2,7,7,57.09,Yes,White,6,,,,,,
1,248,248.2,Female,7,Yes,All of script was delivered,5,4,6,1,6,1,Not willing,6,1,6,1,3,1,4,5,97.78,Yes,Black,5,,,,,,
1,251,251.1,Female,7,Yes,All of script was delivered,2,2,6,5,6,5,Willing,6,1,6,1,2,2,5,6,85.55,Yes,White,5,,,,,,
1,251,251.2,Female,2,"Callback, full script was not delivered",Some of script was delivered,2,1,6,5,6,6,Willing,6,1,7,1,2,2,5,5,39.57,Yes,White,5,,,,,,
1,251,251.3,Female,4,"Callback, full script was not delivered",Some of script was delivered,1,1,5,3,4,4,Semi-willing,5,2,4,1,1,1,4,4,37.49,Yes,Latinx,5,,,,,,
1,256,256.1,Female,7,Yes,All of script was delivered,2,1,5,6,6,7,Willing,6,1,6,1,2,5,6,6,162.71,Yes,White,5,,,,,,
1,258,258.1,Female,7,Yes,All of script was delivered,3,1,5,1,5,1,Not willing,5,1,5,1,1,1,3,5,24.88,Yes,Latinx,6,,,,,,
1,259,259.1,Female,7,Yes,All of script was delivered,4,2,5,6,5,6,Willing,5,1,5,2,4,3,6,5,130.92,Yes,White,6,,,,,,
1,262,262.1,Female,7,Yes,All of script was delivered,2,2,7,7,7,7,Very willing,7,1,7,1,3,1,7,7,61.55,Yes,White,5,,,,,,
1,264,264.2,Female,7,Yes,All of script was delivered,2,1,5,5,5,5,Willing,5,1,5,1,2,1,5,5,67.9,Yes,White,6,,,,,,
1,266,266.2,Female,5,"Yes, immediate call back so full script was not delivered",Most of script was delivered,2,1,4,4,4,4,Semi-willing,4,2,3,2,1,4,4,4,53.36,Yes,Latinx,5,,,,,,
1,272,272.3,Female,7,Yes,All of script was delivered,2,1,3,2,3,2,Not willing,3,2,3,2,1,1,4,3,48.03,Yes,Latinx,5,,,,,,
1,274,274.1,Female,7,Yes,All of script was delivered,2,1,5,5,5,5,Willing,5,1,4,1,3,1,5,,55.28,Yes,White,5,,,,,,
1,274,274.2,Female,1,"Callback, script not delivered",None of script was delivered,1,1,5,5,5,6,Willing,5,1,5,1,3,1,6,6,77.43,Yes,White,6,,,,,,
1,275,275.2,Female,7,Yes,All of script was delivered,2,1,6,5,6,5,Willing,6,1,6,1,2,3,5,5,51.02,Yes,Latinx,6,,,,,,
1,278,278.2,Female,7,Yes,All of script was delivered,2,1,5,5,5,5,Willing,5,1,5,1,1,1,4,4,43.64,Yes,White,5,,,,,,
1,286,286.1,Female,7,Yes,All of script was delivered,4,1,6,6,6,6,Willing,7,1,6,1,2,3,6,6,74.84,Yes,Latinx,6,,,,,,
1,288,288.1,Female,7,Yes,All of script was delivered,2,1,4,4,4,4,Semi-Willing,4,2,3,1,2,1,4,4,104.53,Yes,Latinx,3,,,,,,
1,288,288.2,Female,7,Yes,All of script was delivered,3,1,5,5,5,5,Willing,5,1,5,1,2,1,5,5,115.19,Yes,Latinx,5,,,,,,
1,288,288.3,Female,7,Yes,All of script was delivered,2,1,6,6,6,6,Willing,6,1,6,1,4,1,6,6,99.1,Yes,Asian,5,,,,,,
1,290,290.1,Female,7,"Yes, call was disconnected before script could be finished",Some of script was delivered,,,,,,,,,,,,,,,,,No,,,,,,,,
1,290,290.2,Female,7,"Yes, employee interrupted script ",Some of script was delivered,1,1,2,1,2,1,Not willing,1,7,1,4,1,1,1,2,12.85,Yes,White,2,,,,,,
1,294,294.1,Female,7,Yes,All of script was delivered,2,1,6,5,5,5,Willing,6,1,6,1,2,1,5,5,54.18,Yes,White,6,,,,,,
1,296,296.1,Female,7,Yes,All of script was delivered,3,3,5,5,5,6,Willing,6,1,6,1,3,3,6,6,79.07,Yes,Latinx,4,,,,,,
1,299,299.1,Female,7,Yes,All of script was delivered,2,2,6,6,6,6,Willing,6,1,6,1,3,1,5,6,72.08,Yes,Latinx,6,,,,,,
1,300,300.1,Female,7,Yes,All of script was delivered,2,2,6,6,6,6,Willing,6,1,6,1,2,1,6,6,49.48,Yes,Black,6,,,,,,
1,301,301.3,Female,7,Yes,All of script was delivered,1,1,3,1,4,1,Not willing,3,3,3,2,1,1,2,3,24.09,Yes,White,5,,,,,,
1,303,303.1,Female,7,Yes,All of script was delivered,2,1,5,5,5,5,Willing,5,1,5,1,2,2,5,5,44.88,Yes,Latinx,5,,,,,,
1,303,303.2,Female,7,Yes,All of script was delivered,2,2,5,5,6,5,Willing,5,1,5,1,2,6,5,5,141.38,Yes,White,5,,,,,,
1,303,303.4,Female,5,"Yes,Callback so full script was not delievered",Most of script was delivered,2,1,4,1,4,1,Not willing,4,1,4,1,3,1,3,4,29.78,Yes,White,3,,,,,,
1,304,304.1,Female,7,Yes,All of script was delivered,2,1,4,4,4,4,Semi-Willing,4,4,5,2,3,3,4,4,123.99,Maybe,White,5,,,,,,
1,304,304.2,Female,4,"Yes, call back so full script not delivered",Some of script was delivered,2,1,3,3,3,3,Semi-Willing,3,4,4,2,1,1,4,4,25.66,Yes,Latinx,2,,,,,,
1,304,304.3,Female,5,"Yes, call back so full script wasn't delivered",Most of script was delivered,2,1,3,1,3,1,Not willing,3,5,2,2,1,1,1,3,47.12,Yes,White,5,,,,,,
1,305,305.1,Female,7,Yes,All of script was delivered,3,2,4,1,4,1,Not willing,4,3,4,1,1,1,3,4,26.46,Yes,Black,7,,,,,,
1,305,305.2,Female,6,"Yes, callback so full script not delievered",Most of script was delivered,2,2,5,5,5,5,Willing,5,1,5,1,2,3,5,5,52.01,Yes,Latinx,5,,,,,,
1,306,306.1,Female,7,Yes,All of script was delivered,2,1,4,4,4,4,Semi-Willing,4,1,4,1,2,2,5,4,44.78,Yes,Latinx,5,,,,,,
1,307,307.1,Male,7,Yes,All of script was delivered,2,1,4,2,4,1,Not willing,4,2,3,1,1,1,1,4,26.9,Yes,White,5,,,,,,
1,308,308.1,Female,7,Yes,All of script was delivered,4,3,5,5,5,5,Willing,5,1,5,1,2,1,5,5,76.6,Yes,Latinx,3,,,,,,
1,309,309.1,Male,7,Yes,All of script was delivered,2,2,5,6,6,6,Willing,6,1,6,1,3,2,6,6,93.98,Yes,White,6,,,,,,
1,309,309.2,Female,5,"Yes, Callack so full script not delievered",Some of script was delivered,1,1,5,4,5,4,Willing,6,1,5,1,2,1,3,5,37.05,Yes,White,6,,,,,,
1,310,310.1,Female,7,Yes,All of script was delivered,4,1,5,1,5,3,Semi-Willing,6,1,6,1,2,1,3,5,24.93,Yes,Latinx,5,,,,,,
1,311,311.1,Female,7,Yes,All of script was delivered,3,2,5,5,6,5,Willing,5,1,5,1,2,4,5,5,75.91,Yes,Black,6,,,,,,
1,311,311.2,Female,5,"Yes, callback so full script not delievered",Some of script was delivered,2,1,5,5,6,6,Willing,5,1,5,1,2,1,5,6,53.67,Yes,Black,6,,,,,,
1,312,312.1,Female,7,Yes,All of script was delivered,2,1,4,4,5,4,Semi-willing,4,2,4,1,2,1,4,4,,Yes,White,3,,,,,,
1,312,312.2,Female,7,Yes,All of script was delivered,4,3,4,4,4,4,Semi-willing,4,1,4,1,1,1,4,4,41.55,Yes,Black,5,,,,,,
1,313,313.1,Female,5,"Yes, said emily initially and corrected to maria",All of script was delivered,2,1,5,5,5,5,Willing,5,1,5,1,2,1,5,5,82.91,Yes,Latinx,6,,,,,,
1,313,313.2,Female,5,"Yes, callback so full script not delievered",Some of script was delivered,2,1,4,4,5,5,Willing,4,1,5,1,2,1,5,4,35.68,Yes,Black,5,,,,,,
1,313,313.3,Female,6,Yes,Most of script was delivered,3,3,5,5,5,5,Willing,5,2,5,1,3,3,7,6,85.69,Yes,Latinx,3,,,,,,
1,314,314.1,Female,7,Yes,All of script was delivered,2,1,6,6,6,6,Willing,6,1,6,1,2,1,5,6,113.24,Yes,White,2,,,,,,
1,315,315.1,Female,7,Yes,All of script was delivered,1,1,3,1,3,1,Not willing,4,2,3,2,1,1,1,3,25.86,Yes,Latinx,4,,,,,,
1,316,316.2,Female,7,Yes,All of script was delivered,2,1,5,5,5,5,Willing,5,1,5,1,2,2,5,5,55.28,Yes,Latinx,2,,,,,,
1,316,316.3,Female,7,Yes,All of script was delivered,1,3,5,5,5,5,Willing,5,1,4,1,2,3,5,5,103.88,Yes,White,5,,,,,,
1,317,317.1,Female,7,Yes,All of script was delivered,3,2,4,4,4,4,Semi-Willing,4,1,3,1,1,2,4,4,75.22,Yes,White,5,,,,,,
1,317,317.2,Female,7,Yes,All of script was delivered,2,1,4,1,4,2,Not willing,5,1,4,1,2,1,1,4,51.12,Yes,Latinx,5,,,,,,
1,319,319.1,Female,7,Yes,All of script was delivered,2,1,5,4,5,5,Willing,5,1,6,1,2,1,4,5,32.73,Yes,Latinx,7,,,,,,
1,319,319.2,Female,5,"Yes, callback so full script was not delievered",Some of script was delivered,1,1,4,4,4,4,Semi-Willing,4,2,4,1,1,1,4,4,22,Yes,Latinx,7,,,,,,
1,320,320.1,Female,7,Yes,All of script was delivered,2,1,5,5,5,5,Willing,5,1,5,1,1,1,5,5,55.68,Yes,Black,3,,,,,,
1,322,322.1,Male,7,Yes,All of script was delivered,3,1,5,5,5,6,Willing,5,1,5,1,2,2,5,5,46.71,Yes,White,3,,,,,,
1,322,322.3,Female,6,"Callback, full script not delivered",Most of script was delivered,1,3,4,4,4,5,Willing,4,2,4,1,1,1,5,4,54.75,Yes,White,5,,,,,,
1,323,323.1,Female,7,Yes,All of script was delivered,3,2,6,5,6,5,Willing but unable,6,1,6,1,3,1,6,6,38.09,Yes,White,5,,,,,,
1,324,324.1,Female,7,Yes,All of script was delivered,3,2,5,5,4,3,Not willing,6,1,5,1,2,1,5,5,35.66,Yes,Latinx,7,,,,,,
1,325,325.1,Female,7,Yes,All of script was delivered,2,1,5,4,4,5,Willing,4,2,4,1,2,1,4,4,42.21,Yes,White,3,,,,,,
1,325,325.3,Female,6,"Yes, callback so full script wasn't delivered",Most of script was delivered,2,1,5,5,5,6,Willing,6,1,5,1,2,1,5,5,29.77,Yes,White,5,,,,,,
1,326,326.1,Female,7,Yes,All of script was delivered,2,1,5,5,5,4,Semi-Willing,5,1,4,1,1,1,4,4,27.12,Yes,Asian,7,,,,,,
1,326,326.3,Female,6,Yes,Most of script was delivered,1,1,4,3,4,4,Semi-Willing,4,1,4,1,1,1,4,4,37.5,Yes,Asian,7,,,,,,
1,331,331.1,Female,7,Yes,All of script was delivered,2,1,6,5,6,5,Willing,7,1,7,1,2,2,6,6,54.21,Yes,White,5,,,,,,
1,331,331.2,Female,6,Yes,Most of script was delivered,1,1,6,6,6,6,Willing,6,1,6,1,2,1,5,6,67.31,Yes,White,6,,,,,,
1,122,122.4,Female,7,Yes,All of script was delivered,3,6,7,6,6,6,Willing,7,1,6,1,4,3,6,7,64.05,Yes,White,6,,,,,,
1,185,185.2,Female,7,Yes,All of script was delivered,2,2,6,5,6,6,Willing,6,1,5,1,3,3,5,5,71.55,Yes,Latinx,5,,,,,,
1,320,320.2,Male,7,Yes,All of script was delivered,2,5,5,5,5,5,Willing,5,1,6,1,3,2,6,6,65.11,Yes,White,6,,,,,,
1,119,119.5,Female,7,Yes,All of script was delivered,2,1,5,5,5,5,Willing,5,1,4,1,2,2,4,5,75.86,Yes,White,3,,,,,,
1,122,122.2,Female,7,Yes,All of script was delivered,2,1,5,5,6,5,Willing,6,1,6,1,2,2,5,5,70.7,Yes,White,5,,,,,,
1,135,135.5,Female,7,Yes,All of script was delivered,2,1,5,4,6,5,Willing,5,1,3,1,2,1,5,5,36.01,Yes,Black,5,,,,,,
1,141,141.1,Female,7,Yes,All of script was delivered,3,2,4,4,4,5,Willing,4,2,3,1,1,3,5,4,43.77,Yes,Latinx,5,,,,,,
1,143,143.2,Female,7,Yes,All of script was delivered,2,1,6,6,6,6,Willing,7,1,5,1,5,1,3,5,37.98,Yes,White,5,,,,,,
1,146,146.2,Female,4,"No, it was a callback so some of the script was delivered but not all of it",Some of script was delivered,3,1,5,6,6,6,Willing,5,2,4,1,4,5,5,5,95.68,Yes,Black,3,,,,,,
1,147,147.2,Female,1,Callback-script not given,None of script was delivered,2,1,4,4,4,5,Willing,4,2,3,2,3,1,5,4,38.26,Yes,White,5,,,,,,
1,151,151.1,Female,7,Yes,All of script was delivered,4,5,3,3,4,5,Willing,3,4,3,3,2,3,4,3,98.51,Yes,Black,5,,,,,,
1,153,153.1,Female,7,Yes,All of script was delivered,4,2,5,5,6,5,willing,4,2,3,1,2,1,4,5,46.36,Yes,Latinx,5,,,,,,
1,153,153.2,Female,6,Yes,Most of script was delivered,2,1,5,5,5,6,Willing,5,1,5,1,3,1,4,4,38.32,Yes,Black,5,,,,,,
1,161,161.1,Female,7,Yes,All of script was delivered,4,2,4,4,4,4,Semi-willing,4,2,4,1,2,1,4,4,41.64,Yes,Latinx,3,,,,,,
1,162,162.1,Female,7,Yes,All of script was delivered,5,2,6,6,6,6,Willing,6,1,5,1,3,3,6,6,93.49,Yes,White,3,,,,,,
1,189,189.1,Male,7,Yes,All of script was delivered,2,1,6,5,6,7,Willing,5,1,4,1,3,3,6,6,71.8,Yes,Latinx,3,,,,,,
1,194,194.2,Female,7,Yes,All of script was delivered,4,4,5,5,5,6,Willing,5,2,6,1,3,2,6,6,88.98,Yes,Black,5,,,,,,
1,195,195.1,Female,7,Yes,All of script was delivered,4,4,5,4,5,3,Not willing,4,1,3,1,1,1,3,4,36.98,Yes,Black,5,,,,,,
1,264,264.1,Female,7,Yes,All of script was delivered,2,1,4,4,4,5,Willing,4,3,4,2,2,4,4,4,55.82,Yes,White,5,,,,,,
1,319,319.3,Female,4,"No callback, full script was not delivered",Some of script was delivered,1,1,4,4,4,5,Willing,4,1,4,1,1,1,4,4,13.37,Yes,White,3,,,,,,
1,325,325.5,Male,5,"Yes, callback so full",Most of script was delivered,2,1,5,6,6,6,Willing,6,2,5,1,3,1,6,6,68.53,Yes,White,6,,,,,,
2,101,101.1,Female,6,"Yes, but there were times when the confederate offered information, and there was a little bit of improve, that is to say that the script was almost followed exactly.",All of script was delivered,2,4,6,4,3,5,"She seemed like she was open to the idea of being helpful and offering the toothbrushes; however, neither woman was very eager to get the confederate the toothbrushes. They were both apprehensive and had to check in with their superiors.",5,1,4,2,2,4,4,6,168,Yes,,,,,,,,
2,103,103.2,Female,3,They followed the script until the receptionist answered; the confederate did not respond to the receptionist's no by asking if there were any other dental supplies that they could donate.,Some of script was delivered,2,2,4,1,2,2,She shrugged off the confederate's question and did not give suggestions on what the confederate could do. The receptionist told the confederate that there were no supplies that could be donated and that was the end of the conversation. ,3,5,2,4,1,2,1,3,31,Yes,,,,,,,,
2,105,105.1,Female,7,Yes,All of script was delivered,1,1,7,5,6,6,"She seemed very willing to help. She responded confidently almost immediately to the confederate's question. She was, however, unsure about whether or not she could give more than twenty; she had to ask her superiors. ",7,1,6,1,5,2,6,6,78,Yes,,,,,,,,
2,109,109.1,Female,6,"The confederate read the script very accurately, but when the receptionist seemed like she was willing to donate the toothbrushes, the confederate failed to ask if the receptionist could donate more.",All of script was delivered,2,1,6,5,5,6,She asked for the phone number of the confederate and also went as far as to ask the confederate if she would come to pick the toothbrushes up from the clinic.,6,1,5,1,4,2,6,6,84,Yes,White,7,,,,,,
2,111,111.2,Female,5,"Yes, but I think that the confederate had a difficult time understanding the receptionist, so I think her deviance could be attributed to that.",Most of script was delivered,2,2,3,3,4,2,"The receptionist seem very apathetic to the confederate's cause, but did tell her that she could call back another day for answers.",2,3,2,3,2,1,2,3,41,Yes,Asian,2,,,,,,
2,111,111.4,Female,3,"The confederate tried to stick to the script, but was interrupted before she could finish it. The receptionist interrupted the confederate while she was expressing that she identified as a LatinX ally. From her the script deviated greatly",Some of script was delivered,2,2,4,3,4,4,She gave the confederate the email but didn't do anything apart from this. She could not say that the toothbrushes would be donated and she did not transfer the confederate to someone who could answer the call.,3,2,3,2,3,2,4,3,54,Yes,Asian,2,,,,,,
2,113,113.1,Female,6,"script did not have a response for the receptionist's response, so I think that the confederate followed the script very well.",All of script was delivered,2,1,6,5,6,6,"She was very willing to help. She told the confederate that her office had just donated some toothbrushes so they were out of stock, but if the confederate called back later then they would be able to donate the supplies.",7,1,6,2,5,1,6,6,35,Yes,White,5,,,,,,
2,114,114.1,Female,7,"The confederate really stuck to the script. When given an answer resembling a ""no"" he responded with the exact line from the script and the exact farewell.",All of script was delivered,4,5,2,2,1,1,"She told the confederate that there were no toothbrushes that she could donate and no other dental supplies either. She did not give the confederate numbers for other clinics, and she did not put the confederate into contact with any of her bosses.",2,5,2,4,1,4,1,3,46,Yes,White,4,,,,,,
2,119,119.3,Female,5,"Given that the receptionist's answer was not a yes or a no, I think that the confederate did a pretty good job following the script, but there was a little bit of deviation due to the nature of the response.",Most of script was delivered,4,3,5,4,5,5,She recorded the information that the confederate gave her and transferred the confederate to her boss so that the confederate could get more information.,5,2,6,2,5,2,5,5,61,Yes,Black,3,,,,,,
2,119,119.4,Female,6,"The confederate followed the script very closely. The receptionist transferred the confederate to someone else, and there was no response for this action, so I think the confederate followed it exactly. Because there was no yes or no answer from the receptionist, she could not say the rest of the script, thought.",Most of script was delivered,3,4,6,4,5,6,"She seemed like she was unsure as to whether or not she could offer a definitive answer about donating the toothbrushes, so she almost immediately transferred the confederate to someone who could answer more.",7,2,6,1,5,2,5,6,31,Yes,Asian,2,,,,,,
2,119,119.5,Female,7,"Yes the confederate stuck to the script. The confederate delivered the first part of the script, and when the receptionist asked who she was working for, the confederate followed the script. Because there was no deviation I think it deserves a 7.",Most of script was delivered,3,4,5,4,5,6,The receptionist asked the confederate for the basic information and transferred the confederate to a superior for more information.,6,2,5,2,4,3,6,5,38,Yes,White,5,,,,,,
2,121,121.1,Female,5,"The confederate delivered the script up until the response of the receptionist. The receptionist asked whether or not the confederate was a patient, and there was no script for this. This lead to a deviation from the script. The confederate also did not ask if there were other supplies that could be donated.",Most of script was delivered,2,3,4,4,4,3,She responded no to the confederate and did not put her into contact with anyone or refer the confederate to another business.,4,5,3,5,3,5,2,2,42,Yes,White,4,,,,,,
2,122,122.2,Female,4,The majority of the script was delivered but there was a lot of deviance from the script because the confederate had to spell his name.,Most of script was delivered,3,2,6,5,5,6,She was unable to answer the confederate's question at the time so she asked for the confederate's phone number and told him that she would call back with an answer.,6,2,5,2,4,2,6,5,72,Yes,White,5,,,,,,
2,122,122.4,Female,3,It seemed like this entire conversation was devoid of a script. He called to check on the status of the delivery and not to ask again. He did use the name associated with the project and did tell the receptionist for which dental office he works.,Some of script was delivered,5,4,6,5,5,6,She recorded the confederate's phone number and promised to call him back with an answer.,6,2,5,2,4,3,5,6,65,Yes,White,5,,,,,,
2,122,123.1,Female,6,The confederate stuck very closely to the script. It is worth noting that he did have to break from the script to get a more definitive answer as the receptionist was not really giving one.,All of script was delivered,2,3,4,4,5,5,"She was very willing to help in the beginning as she left the confederate on hold to go ask someone who could give her an answer. After the confederate asked for other supplies, she became less helpful and told him that she couldn't give him supplies.",5,3,5,2,4,2,4,5,53,Yes,White,3,,,,,,
2,125,125.2,Female,6,"Yes, but instead of giving the receptionist her phone number, the confederate asked if she could call the receptionist back.",Most of script was delivered,2,2,6,5,5,6,The receptionist asked for a phone number so that she could provide an answer. ,6,1,5,1,5,2,5,6,35,Yes,White,4,,,,,,
2,129,129.1,Female,7,She followed very closely to the script and responded to all of the receptionist's response with responses from the script.,All of script was delivered,2,2,5,4,5,6,She got the phone number from the confederate and promised that she would call back with an answer.,5,2,4,2,3,1,5,5,46,Yes,Latinx,4,,,,,,
2,129,129.2,Female,5,"The confederate followed the script decently well, but the confederate called to check on the status of the donation rather than asking for the first time so there was notable deviations.",Most of script was delivered,3,2,6,6,5,6,She put the confederate into contact with the office manager so that the confederate's question could be better answered.,7,1,6,1,5,2,6,6,60,Yes,White,5,,,,,,
2,129,129.4,Female,5,"The confederate followed the script but she didn't start with the conditions because she was checking on the status of the donations. Because of this, there was a noticeable deviation.",Most of script was delivered,2,1,5,5,5,6,She asked for the confederate's phone number so that she could call back with an answer because the person who could answer the confederate's question was out of town.,6,1,5,1,5,1,6,6,52,Yes,Latinx,4,,,,,,
2,130,130.1,Female,6,"The confederate followed the script very well, but when he received a yes answer, he did not ask for any more toothbrushes.",Most of script was delivered,3,4,7,6,5,7,She left the confederate on hold for a couple of minutes so that she could go ask someone if she could donate the toothbrushes. She showed initiative to walk away from her desk to ask someone. She didn't just transfer the call. ,7,1,6,1,5,1,7,7,74,Yes,White,6,,,,,,
2,131,131.1,Female,6,"The confederate stuck to the script very well except when he was met with a no, he didn't ask if there were other supplies that the dental clinic could donate.",Most of script was delivered,3,3,2,1,4,1,She responded no and that was essentially the end of the conversation. There was no referral and she didn't transfer the confederate's call.,5,4,4,3,2,3,2,2,23,Yes,White,3,,,,,,
2,133,133.1,Female,6,The confederate really stuck to the script with very small deviations.,All of script was delivered,2,3,7,6,6,7,She was very friendly and willing to help as she put the confederate on hold for a minute and came back with an answer. She went as far to give the confederate 100 toothbrushes instead of the original 20.,7,1,7,1,6,1,7,7,89,Yes,White,6,,,,,,
2,135,135.2,Female,5,The confederate followed the script well but deviated a couple times. She deviated when the receptionist told her that no one was available to answer her question.,Most of script was delivered,2,2,5,6,6,6,"She told the confederate at what time the confederate could call back to get an answer. Given the resources that the receptionist said she had available to her, this was about all she could do.",7,1,6,1,6,1,6,6,66,Yes,Latinx,6,,,,,,
2,135,135.4,Female,7,Yes. The confederate did not get to deliver the responses to the yes or no.,Most of script was delivered,1,1,6,5,5,6,She seemed very willing to help as she transferred the confederate to someone who could better answer her question. ,6,1,5,1,5,2,5,6,57,Yes,Latinx,4,,,,,,
2,135,135.5,Female,6,The receptionist interrupted the confederate and there was a little hiccup.,Most of script was delivered,2,2,6,5,5,6,She told the confederate that she could call back tomorrow for the office manager who could answer the confederate's question.,5,2,4,2,4,1,6,5,36,Yes,Latinx,3,,,,,,
2,137,137.1,Female,6,"Yes, but the confederate did not ask for more than 20 toothbrushes.",Most of script was delivered,2,2,7,6,6,6,She was very willing to help as she got the confederate's phone number and promised to call her back with an answer.,7,1,6,1,5,1,6,6,52,Yes,White,4,,,,,,
2,137,137.2,Female,5,"Yes, but the confederate jumped around the script. This was a call to check on the status of the donation so deviations were common.",Most of script was delivered,2,1,6,5,6,7,She recorded a lot of the confederate's information to give to the doctors so that the doctors could call her back with an answer.,7,1,6,2,6,3,5,6,108,Yes,White,6,,,,,,
2,141,141.1,Female,6,"Yes, but the confederate broke off from the script when discussing who she would have to call/email.",Most of script was delivered,1,2,6,3,4,5,The receptionist gave the confederate HR's phone number but she seemed like she didn't want to help anymore than by offering that information. ,5,1,4,1,4,1,5,4,45,Yes,Latinx,2,,,,,,
2,143,143.1,Female,6,"Yes, but the confederate broke off from the script to ask when would be the best time to call back.",Most of script was delivered,1,2,5,4,4,5,The receptionist told the confederate that she should call back at a later date because there was no one there that could answer the confederate's question.,5,1,4,1,4,1,5,5,49,Yes,Latinx,2,,,,,,
2,143,143.2,Female,6,"Yes, but the confederate did not ask if there were other supplies that the clinic could donate.",Most of script was delivered,2,1,6,6,6,6,"She asked if they had volunteer options because the receptionist's clinic was unable to donate the toothbrushes, so it sounded as if the receptionist wanted to help in some way.",6,2,5,1,4,1,4,5,38,Yes,White,5,,,,,,
2,145,145.1,Female,7,Yes,Most of script was delivered,2,1,7,6,6,7,She transferred the confederate's call to someone who could answer better. ,7,1,6,1,5,1,6,7,28,Yes,White,6,,,,,,
2,146,146.1,Female,7,Yes,All of script was delivered,1,3,4,4,4,5,"The receptionist transferred the confederate to someone else, but didn't tell him that she was doing it. She just asked for a second.",4,1,4,1,3,1,5,4,25,Maybe,White,2,,,,,,
2,146,146.2,Female,4,The confederate really did not stick to the script for this order as he was calling to check the status of the donation order.,Most of script was delivered,2,1,7,6,6,6,She recorded the information and told the confederate that she get the doctor to ok the donation order.,6,1,5,1,4,3,7,6,94,Yes,White,5,,,,,,
2,147,147.1,Female,6,"Yes, but the confederate broke script when there was confusion about whether he had called this clinic or not.",Most of script was delivered,3,3,6,5,5,6,She seemed like she wanted to help because she asked for the confederate's email and it made it sound like the clinic was able to donate the toothbrushes.,6,1,6,2,5,1,6,6,38,Maybe,White,5,,,,,,
2,147,147.2,Female,3,The confederate did not stick to the script really because he was calling back for information as to which email would be best to contact them.,Some of script was delivered,2,2,5,4,5,6,She gave the confederate the information that he wanted without a problem.,6,1,5,1,5,1,5,6,42,Maybe,White,5,,,,,,
2,151,151.1,Female,6,Yes but there was a lot of interruptions that caused the confederate to off of the script a little bit.,Most of script was delivered,1,1,6,5,5,6,"She told the confederate that the office was closed, and immediately asked if she would like to leave a message ",6,1,6,1,5,1,6,6,98,Yes,Black,3,,,,,,
2,151,151.2,Female,7,Yes,Most of script was delivered,3,4,4,5,4,5,"She told the confederate to call back the next day. I am not sure if she could have done more, but it seemed like she did as little as possible by delegating this to someone else.",5,2,5,2,4,1,5,4,30,Yes,White,4,,,,,,
2,151,151.3,Female,7,Yes,Most of script was delivered,2,1,7,6,7,7,The receptionist said yes to giving 20 toothbrushes.,7,1,7,1,5,2,7,7,130,Yes,White,6,,,,,,
2,153,153.1,Female,7,Yes,Most of script was delivered,2,2,5,5,5,6,"The receptionist couldn't answer the confederate's question, so the receptionist asked for a callback number and presumably would get back to the confederate.",5,1,4,1,5,1,5,6,47,Yes,Latinx,2,,,,,,
2,153,153.2,Female,5,"This was a call to check on the status of the delivery, but the confederate reintroduced the project with some material from the script.",Some of script was delivered,2,1,6,5,6,6,"She said that she was so busy that she had not had the opportunity to relay the message yet, but that she would call back.",6,1,5,1,6,1,6,6,39,Maybe,Latinx,5,,,,,,
2,154,154.2,Female,4,The conversation was largely unscripted as the confederate was trying to reconnect with someone who he was talking to.,Some of script was delivered,3,3,6,5,5,5,"She left the confederate on hold for at least 3 minutes, and she told him to call back because the doctor who could answer the confederate's question was with a patient.",5,1,5,3,4,1,5,4,56,Maybe,White,3,,,,,,
2,154,154.3,Female,5,"The confederate was calling to check on the status of the donation, so there was unscripted areas of the conversation. ",Some of script was delivered,1,2,5,4,4,5,"The receptionist could not answer the confederate's question, so she told the confederate to call back on Monday and speak to the doctor.",5,1,4,1,3,1,4,5,25,Yes,White,6,,,,,,
2,157,157.1,Female,7,Yes,Most of script was delivered,2,2,5,4,5,6,"She asked for the confederate to send her an email. The receptionist did not give her intentions for why she wanted an email, and it is unknown whether there was more that the receptionist could have done.",5,1,5,1,4,1,5,5,50,Maybe,White,5,,,,,,
2,161,161.1,Female,6,"Yes, but the confederate did not ask if there were other supplies that the clinic could donate.",Most of script was delivered,2,2,6,6,5,6,The receptionist put the confederate on hold so that she could go ask someone who could give her an answer.,6,1,5,1,4,1,4,5,43,Yes,White,4,,,,,,
2,162,162.1,Female,6,"Yes, but the confederate did not ask if more toothbrushes could be donated.",Most of script was delivered,3,2,7,6,6,7,"She was incredibly willing to help! She said yes to the donation, and ask for more information in a way that was more inquisitive than suspicious.",7,1,7,1,5,1,7,7,96,Yes,Black,1,,,,,,
2,167,167.1,Female,6,"Yes, but the confederate did not ask if there were any other supplies that the clinic could donate.",Most of script was delivered,3,2,5,3,4,2,She was not willing to help at all. She quickly responded no and offered to reason or referral to the confederate.,4,4,3,2,2,1,3,4,25,Yes,White,5,,,,,,
2,169,169.1,Female,,,,2,3,7,6,6,6,The receptionist told the confederate that the office manager was on hold and that she would take a message. She also got the confederate's phone number so that the office manager could call her back.,7,1,6,1,5,1,6,7,72,Yes,White,4,,,,,,
2,169,169.2,Female,6,"Yes, but the confederate was checking on the donation status, so the majority of the script was relayed but it was not in order.",Most of script was delivered,2,3,5,5,5,5,The receptionist recorded the information of the confederate.,6,1,5,1,4,1,5,6,85,Yes,White,2,,,,,,
2,170,170.2,Female,6,"Yes, but the confederate stumbled a little throughout the conversation.",Most of script was delivered,2,2,5,4,4,5,She asked for a callback number and told the confederate that she would call back with an answer.,5,1,4,1,4,3,5,5,76,Yes,White,2,,,,,,
2,170,170.3,Female,5,"The confederate was calling to check on the donation status of the toothbrushes, but he delivered most of the script just not in the proper order.",Most of script was delivered,2,4,5,4,4,5,"Her intonation was very flat, but she recorded the confederate's name and number so that she could call back with an answer.",5,1,4,1,4,2,5,5,106,Yes,Latinx,2,,,,,,
2,170,170.4,Female,5,Callback so there deviations,Some of script was delivered,3,3,5,4,5,5,The receptionist put the confederate on hold to go check and told the confederate to call back later.,5,1,5,1,4,1,4,5,62,Yes,Black,5,,,,,,
2,173,173.1,Female,7,Yes,All of script was delivered,3,2,4,4,4,3,"Besides telling the confederate to call back tomorrow and saying that her clinic could not donate the toothbrushes, the receptionist didn't really seem interested in helping. ",4,3,4,3,3,1,4,4,42,Yes,Black,4,,,,,,
2,175,175.2,Female,6,"Yes, but the confederate broke the script to figure out what time would be best to call the clinic.",Most of script was delivered,2,2,5,4,5,5,The receptionist gave the confederate the office manager's contact information so that the confederate could get into contact with someone who could better answer the confederate's question.,5,1,3,1,4,1,5,5,82,Yes,White,2,,,,,,
2,175,175.3,Female,6,"yes, but the confederate was having issues with something in her throat, which lead to a lot of pausing.",Most of script was delivered,2,4,5,5,5,4,"The receptionist told the confederate to call back at a later time in order to get in touch with the office manager who could help. Besides this, the receptionist did nothing else.",5,1,4,1,4,1,4,4,55,Yes,Latinx,3,,,,,,
2,175,175.4,Male,7,Yes,Most of script was delivered,2,3,6,5,5,6,"The receptionist went away from the phone to presumably ask someone if his clinic could donate the toothbrushes, and he took the phone number of the confederate so that his clinic could call the confederate back.",5,1,5,1,4,1,5,6,107,Yes,Latinx,3,,,,,,
2,177,177.1,Female,7,Yes,Most of script was delivered,2,2,6,7,6,6,The receptionist recorded the name of the confederate and the confederate's phone number so that the receptionist could call the confederate with an answer from the doctor.,7,1,6,1,6,2,6,7,92,Yes,Asian,4,,,,,,
2,177,177.2,Female,6,"Yes, but this was a check in on the donation status, so there were deviations.",Most of script was delivered,3,2,6,5,5,4,"She told the confederate that the doctor was not available to answer questions, and when the confederate asked if they were then unable to donate them, the receptionist responded no. ",5,1,4,1,4,1,4,5,42,Yes,Asian,2,,,,,,
2,181,181.1,Female,6,"During the interaction with the second receptionist, the confederate fumbled and did not follow the order, but the message was relayed.",Most of script was delivered,2,2,6,5,6,6,"The receptionist recorded the phone numbers of the confederate and the project coordinator, so that either she or someone else could call back with an answer.",5,1,5,1,4,3,5,6,106,Yes,White,5,,,,,,
2,183,183.2,Female,6,"Yes, but the confederate did not ask if there were other dental supplies that the clinic could donate.",Most of script was delivered,1,2,5,3,5,3,She told the confederate that the clinic could not donate the toothbrushes. The receptionist did not offer any more information or a referral as to where or whom the confederate could get into contact with in order to get the donation.,5,3,4,1,3,1,3,4,25,Yes,Latinx,3,,,,,,
2,185,185.5,Female,5,"The confederate was checking on the status of the donation, so there were deviations. ",Most of script was delivered,2,2,5,5,5,6,The receptionist said that she would ask the doctor the next day if the clinic would be willing to donate the toothbrushes.,5,1,4,1,4,1,5,5,59,Yes,White,4,,,,,,
2,186,186.1,Female,7,"Yes, but the script was interrupted.",Some of script was delivered,1,1,6,6,6,6,Her clinic was unable to donate because they did not have toothbrushes. She recommended that the confederate call a dental clinic because the receptionist's clinic was not a dental clinic.,7,1,7,1,6,1,5,5,34,Yes,White,6,,,,,,
2,189,189.1,Male,7,Yes,All of script was delivered,2,3,6,5,5,7,The receptionist said that his clinic would be willing to donate the toothbrushes and that the confederate should send his clinic more information at a certain email address.,6,1,4,1,5,1,6,6,71,Yes,White,5,,,,,,
2,191,191.1,Female,7,Yes,All of script was delivered,2,4,7,6,7,7,"The receptionist put the confederate on hold to go ask someone who could answer the question, and the receptionist told the confederate yes.",7,1,7,1,5,2,7,7,97,Yes,White,5,,,,,,
2,194,194.1,Female,6,"Yes, but the confederate had to repeat the script because the receptionist did not hear the confederate, and when the confederate repeated the script, she left out the part about how it would be important to support her community.",Most of script was delivered,3,3,7,5,6,7,The receptionist told the confederate that the clinic would be able to donate the toothbrushes and that she should call the clinic back the next day.,7,1,7,1,4,1,7,7,69,Yes,White,3,,,,,,
2,194,194.2,Female,7,yes,Most of script was delivered,3,4,6,4,5,6,"The receptionist seemed willing to help as she asked for a callback number, so that she could ask the doctor and call the confederate with an answer.",6,1,4,1,4,1,6,6,90,Yes,Latinx,4,,,,,,
2,194,194.3,Female,4,Practically no script was delivered because the confederate was calling back and the confederate had already spoken to this receptionist multiple times. ,Some of script was delivered,2,1,7,6,7,7,She had already said that her clinic was willing to donate the toothbrushes. She put the confederate on hold to check which date would work.,7,1,7,1,5,1,7,7,42,Maybe,Latinx,3,,,,,,
2,195,195.1,Female,7,Yes,Most of script was delivered,3,2,5,5,5,4,The receptionist told the confederate that she could not help him and that he would have to call back on Monday. It seemed like she was delegating this to the office director and she didn't bother to take any of the confederate's information or to pass on his message.,5,1,4,1,4,1,4,5,38,Yes,Black,5,,,,,,
2,195,195.5,Female,7,Yes,Most of script was delivered,4,6,3,2,3,1,"She mumbled and couldn't answer the confederate outside of saying ""I'm sorry."" She did absolutely nothing to help him.",2,4,1,4,1,1,2,2,32,Yes,Black,5,,,,,,
2,203,203.1,Female,6,Yes but the confederate did not ask if they had other dental supplies.,Most of script was delivered,1,1,4,3,3,4,She answered the confederate and told him to call back at a later time to get the toothbrushes.,4,4,2,4,3,1,3,3,34,Yes,White,4,,,,,,
2,203,203.2,Female,7,Yes,Most of script was delivered,3,3,5,3,4,5,The receptionist told the confederate that the person he needed to speak to was not available at the moment and that he needed to call back and ask for Maria.,5,1,3,1,3,1,4,5,34,Yes,Black,4,,,,,,
2,206,206.1,Female,6,"Yes, but the confederate did not ask if the clinic had any other supplies that they could donate.",Most of script was delivered,1,1,4,2,4,3,"Rather than providing an answer to the confederate or doing anything helpful, the clinic listed off all the places they donate to, which left the confederate to infer that the answer was a no. ",4,1,2,1,2,1,3,4,49,Yes,White,5,,,,,,
2,210,210.1,Female,6,"Yes, but the confederate did not ask if there were other dental supplies that the clinic could donate.",Most of script was delivered,1,1,5,2,4,3,She told the confederate that the clinic would not be able to donate and that was it.,4,1,3,1,2,1,3,4,25,Yes,White,3,,,,,,
2,216,216.3,Female,7,Yes,Most of script was delivered,1,1,5,5,5,6,"She asked if the confederate could email her the information so that the receptionist could pass it on to the doctor. In order to to do, this gave the confederate the email to use.",5,1,4,1,4,1,5,5,60,Yes,White,2,,,,,,
2,218,218.1,Female,7,Yes,Most of script was delivered,1,2,5,5,5,6,"She tried to transfer the confederate to the person who could answer the donation question, but eventually the receptionist asked for a callback number so that someone could answer her.",5,1,5,1,4,1,5,5,60,,Latinx,2,,,,,,
2,218,218.2,Female,5,"The confederate was checking on the delivery status of the toothbrushes, so there were natural deviations. ",Some of script was delivered,1,2,6,5,6,6,The receptionist said that she would relay the message.,5,1,5,1,4,1,5,6,47,Yes,White,3,,,,,,
2,218,218.3,Female,7,Yes,Most of script was delivered,3,2,4,4,4,5,She took down the confederate's phone number but didn't say if she would call back or if the confederate should call in.,5,4,4,3,4,1,4,4,47,Yes,Latinx,4,,,,,,
2,219,219.2,Female,7,Yes,Most of script was delivered,1,1,6,6,6,7,She was very helpful and told the confederate that he could send an email to the clinic. She even went over the email address with the confederate to make sure that it was correct. The receptionist also told the confederate that he should send the email the day of the call because the doctor was in.,7,1,6,1,5,1,6,7,80,Yes,Latinx,4,,,,,,
2,222,222.1,Female,7,Yes,Most of script was delivered,1,1,6,4,6,5,"She gave the confederate an email address, and the doctor and the office manager would get back to the confederate.",6,1,6,1,4,1,6,6,54,Yes,White,3,,,,,,
2,224,224.2,Female,7,Yes,All of script was delivered,2,1,7,6,6,7,The receptionist said that their clinic was able to donate the toothbrushes and asked for the phone number of the confederate so that the person in charge could get in touch with the confederate as to whether or not the clinic could donate more toothbrushes.,7,1,7,1,5,1,7,7,100,Yes,White,5,,,,,,
2,226,226.1,Female,6,"Yes, but the confederate did not ask if there were other dental supplies that the clinic could donate.",Most of script was delivered,2,1,4,3,4,3,She told the confederate no and that was the end of the conversation along with her willingness to help. ,5,1,3,1,3,1,3,4,24,Yes,White,1,,,,,,
2,227,227.2,Male,7,Yes,All of script was delivered,1,2,5,4,5,7,"The receptionist said that his clinic could donate the toothbrushes, and that he would add more if his clinic had enough.",5,1,3,1,4,3,7,5,85,Yes,White,5,,,,,,
2,232,232.1,Male,6,"Yes, but the confederate did not ask if there were other dental supplies.",Most of script was delivered,2,2,2,1,3,2,"The receptionist said three words and none of them were directed toward helping the confederate. He did, however, answer the question.",3,4,2,3,1,1,2,2,30,Yes,White,3,,,,,,
2,234,234.1,Female,7,Yes,Most of script was delivered,2,4,5,3,5,6,The receptionist said that she would take a message and she also recorded the confederate's number.,5,1,5,1,4,1,5,5,46,Yes,White,5,,,,,,
2,234,234.5,Female,5,"Callback, so there was deviation.",Most of script was delivered,2,3,5,4,5,5,The receptionist recorded the confederate's phone number and told her that her call would be returned.,5,1,5,1,4,1,5,5,43,Yes,White,5,,,,,,
2,234,234.7,Female,5,"Callback, so there were deviations.",Most of script was delivered,2,1,5,3,5,3,"The receptionist said that clinic would not be available to donate. Other than providing answer, she really did nothing to help.",6,1,4,1,4,1,3,5,28,Yes,White,5,,,,,,
2,240,240.3,Female,2,The confederate really did not deliver any script because she called the clinic back immediately after recording audio 240.2 and said that she had gotten disconnected.,Some of script was delivered,3,2,6,3,5,6,She gave the confederate the number of the clinic that the confederate would have to call in order to get the donations.,6,1,5,1,4,1,6,6,48,Maybe,White,5,,,,,,
2,240,240.5,Female,7,Yes,Most of script was delivered,1,2,4,3,3,4,"She didn't seem super excited to help; she just transferred the confederate to the voicemail of the person who could answer her call, but did nothing else.",4,4,2,2,3,1,4,4,62,Yes,White,6,,,,,,
2,242,242.1,Female,7,Yes,Most of script was delivered,1,2,6,6,5,6,The receptionist was willing to help such that she asked the confederate to send an email with information so that the doctor could take a look.,6,1,6,1,4,1,5,6,50,Yes,White,3,,,,,,
2,243,243.1,Female,6,"Yes, but he did not ask if there were other supplies that the clinic could donate.",Most of script was delivered,1,1,6,3,5,3,The receptionist told the confederate that the doctor was done donating for the year and that was the end of her helpfulness.,5,1,5,1,3,1,3,5,38,Yes,White,6,,,,,,
2,246,246.1,Female,7,Yes,Most of script was delivered,2,1,5,4,4,6,The receptionist told the confederate to email the clinic and then provided an email for the confederate to do so.,5,1,4,1,4,1,5,5,55,Yes,Latinx,3,,,,,,
2,248,248.1,Female,7,Yes,Most of script was delivered,1,1,7,6,7,6,The receptionist asked for an email with the information and she provided the email address to the confederate.,7,1,7,1,4,1,6,7,57,Yes,White,7,,,,,,
2,248,248.2,,7,Yes,All of script was delivered,1,1,6,4,6,3,The receptionist explained to the confederate that her clinic had no supplies to donate.,6,1,6,1,6,1,4,5,51,Yes,White,2,,,,,,
2,251,251.1,Female,7,Yes,Most of script was delivered,1,2,7,7,6,6,The receptionist recorded a lot of the information of the confederate and she would pass it along to the doctor.,7,1,6,1,5,1,6,7,87,Yes,White,6,,,,,,
2,251,251.2,Female,7,Yes,Most of script was delivered,1,1,6,4,5,5,She reassured the confederate that she would have the doctor take a look at the information.,6,1,6,1,4,1,5,6,21,Yes,White,6,,,,,,
2,251,251.3,Female,7,Yes,Most of script was delivered,1,2,4,2,4,5,She went speak to the doctor but still could not provide the confederate with an answer.,4,1,3,1,3,1,5,4,34,Yes,Black,2,,,,,,
2,256,256.1,Female,7,Yes,Most of script was delivered,1,1,7,6,6,6,The receptionist agreed to donate the toothbrushes after leaving to go ask for them.,6,1,6,1,4,5,7,6,74,Yes,White,7,,,,,,
2,258,258.1,Female,6,The confederate did not ask if there were other supplies that the clinic could donate.,Most of script was delivered,1,1,5,2,4,2,The receptionist sounded like she really did not want to talk the confederate and was not willing to donate.,4,1,4,1,2,1,3,4,24,Yes,Asian,5,,,,,,
2,259,259.1,Female,6,"Yes, but the confederate was interrupted and then left out his name with the second receptionist.",Most of script was delivered,2,3,5,5,5,7,The receptionist said that her clinic could not donate toothbrushes but that they could donate toothpaste.,5,1,4,1,4,3,6,5,109,Yes,White,7,,,,,,
2,262,262.1,Female,7,Yes,Most of script was delivered,1,2,7,7,6,7,"She offered to call the doctor who was out of the country, but then said that email would work better after the confederate suggested it.",7,1,7,1,5,1,6,7,62,Yes,White,6,,,,,,
2,264,264.1,Female,7,Yes,Most of script was delivered,2,1,6,5,5,5,She took a message and said that she would pass it on to the person who could answer it.,5,1,4,1,4,2,4,5,56,Yes,White,5,,,,,,
2,264,264.2,,6,"Yes, but there were slight deviations.",Most of script was delivered,2,2,6,4,5,6,She told the confederate that the best way to get the toothbrushes would be to email the corporate office and then provided the email.,5,1,5,1,4,1,5,5,69,Yes,White,6,,,,,,
2,266,266.2,Female,6,The confederate called back after getting disconnected; script was delivered in 266.1.,Most of script was delivered,1,1,6,5,5,6,She took down the confederate's information and told said she'd pass on the information to the office manager.,5,1,5,1,4,1,5,5,56,,White,2,,,,,,
2,272,272.3,Female,7,Yes,Most of script was delivered,1,1,3,1,4,3,She told the confederate that the doctor wasn't available and to call back.,4,5,2,3,1,1,4,3,49,Yes,White,2,,,,,,
2,274,274.1,Female,7,Yes,Most of script was delivered,2,3,6,4,5,6,The receptionist told the confederate that she had just ordered toothbrushes and that the confederate should call back to see if the receptionist could donate them.,5,1,5,1,4,1,5,5,56,Yes,White,5,,,,,,
2,274,274.2,Female,5,Callback so there were deviations.,Some of script was delivered,1,1,6,6,6,7,The receptionist said that she could donate and wanted to know which type of toothbrushes the confederate would like.,6,1,6,1,5,1,7,6,68,Yes,White,6,,,,,,
2,275,275.2,Female,7,Yes,Most of script was delivered,1,1,7,6,6,6,The receptionist said that she would check with the doctor and callback with an answer.,7,1,6,1,5,1,6,6,53,Yes,Latinx,4,,,,,,
2,278,278.2,Female,6,"Yes, but the confederate did not ask if there were other supplies that the clinic could donate.",Most of script was delivered,1,1,,,,,,,,,,,,,,49,No,White,4,,,,,,
2,286,286.1,Female,7,Yes,Most of script was delivered,4,2,7,6,7,6,The receptionist asked for an email and said that she would talk to the people responsible for the donation. ,7,1,7,1,5,1,6,7,75,Yes,White,3,,,,,,
2,288,288.1,Female,6,There were deviations when trying to get ahold of someone who could answer the question.,Most of script was delivered,1,1,7,6,7,6,The receptionist recorded a message for the confederate and sent it over to the office manager with a callback number.,7,1,6,1,5,1,6,6,105,Yes,White,5,,,,,,
2,288,288.2,Female,7,Yes,Most of script was delivered,2,3,6,5,5,5,The receptionist recorded the confederate's information and told her someone would call her back.,6,1,7,1,5,1,6,6,115,Yes,White,2,,,,,,
2,288,288.3,Female,5,"Yes, but the confederate and the receptionist broke into a conversation about different things.",All of script was delivered,1,2,6,6,7,6,"The receptionist was unable to donate the toothbrushes, but she told the confederate that companies could donate lots of toothbrushes.",7,7,6,1,6,1,5,6,100,Yes,White,5,,,,,,
2,290,290.1,Female,,,,,,,,,,,,,,,,,,,,No,,,,,,,,
2,290,290.2,Female,7,Yes but the confederate did not get to finish,Some of script was delivered,1,1,4,1,4,1,She interrupted the confederate and said that her clinic was not interested.,2,5,2,4,1,1,2,2,15,Maybe,White,2,,,,,,
2,294,294.1,Female,7,Yes,Most of script was delivered,1,1,6,4,5,6,The receptionist referred the confederate to someone who could answer her question by giving the confederate an email.,6,1,6,1,4,1,5,6,54,Yes,White,6,,,,,,
2,296,296.1,Female,6,Yes but the confederate did not ask if there were more than 20 that the clinic could donate.,Most of script was delivered,2,3,7,7,6,7,The receptionist donated the toothbrushes and was very willing to coordinate a pickup time with the confederate.,6,1,6,1,5,1,7,6,80,Yes,White,6,,,,,,
2,299,299.1,Female,7,Yes,All of script was delivered,3,1,7,6,7,7,"The receptionist sounded very willing to help, but she had to talk to the doctor about the donation, so she told the confederate to callback the following day. She sounded as if the donation was going to happen, though.",7,1,7,1,5,1,6,7,72,Yes,Latinx,5,,,,,,
2,300,300.1,Female,7,Yes,Most of script was delivered,2,2,5,5,5,6,"The receptionist sounded as if her clinic could donate the toothbrushes, but she asked for the information in email format.",6,1,5,2,4,1,6,6,50,Yes,Black,5,,,,,,
2,301,301.3,Female,6,Yes but the confederate did not ask if there were other supplies that the clinic could donate.,Most of script was delivered,2,1,4,2,4,2,"The receptionist said that she believed that her clinic could not donate the toothbrushes, but she never asked any for a more definitive answer.",4,3,3,2,2,1,3,3,25,Yes,White,5,,,,,,
2,303,303.1,Female,7,Yes,Most of script was delivered,1,2,6,5,6,6,The receptionist was unable to answer the confederate so she recorded the confederate's information.,6,1,6,1,4,1,6,6,46,Yes,White,4,,,,,,
2,303,303.2,Female,7,Yes,Most of script was delivered,1,1,6,6,6,6,The receptionist took down some information from the confederate and said that she would call the confederate back.,7,1,7,1,5,3,7,7,105,Yes,White,6,,,,,,
2,303,303.4,Female,5,Callback so there were deviations.,Most of script was delivered,1,2,5,4,5,3,She was not able to donate because her clinic was out of brushes.,5,1,5,1,4,1,4,5,30,Yes,White,5,,,,,,
2,304,304.1,Female,6,"Yes, but the confederate stumbled a little.",Most of script was delivered,3,2,5,5,5,4,The receptionist did not seem super willing to help but took down the confederate's information when the confederate asked her to.,5,1,4,1,4,1,5,5,125,Yes,White,5,,,,,,
2,304,304.2,Female,5,Callback so there were deviations,Most of script was delivered,2,2,5,4,5,5,The receptionist told the confederate that she needed to speak to the office manager and that they were not in until later that day.,5,1,4,1,4,1,5,5,24,Yes,White,3,,,,,,
2,304,304.3,Female,5,Callback so there were deviations,Some of script was delivered,1,1,5,3,5,3,She told the confederate that she was not able to donate.,5,1,4,1,4,1,3,4,31,Yes,White,6,,,,,,
2,305,305.1,Female,6,"Yes, but the confederate did not ask if there were other supplies that the clinic could donate.",Most of script was delivered,2,2,6,3,5,3,She told the confederate that her clinic was not willing to help.,5,1,5,1,4,,,5,27,Yes,Black,7,,,,,,
2,305,305.2,Female,5,callback so there were deviations,Most of script was delivered,2,1,7,6,6,7,The receptionist put the confederate on hold to go ask somebody. The receptionist returned and told the confederate that someone was going to call her back with an answer and the receptionist asked for the confederate's phone number even though she thought that the person who would call already had it.,7,1,7,1,5,1,6,7,57,Yes,White,2,,,,,,
2,306,306.1,Female,7,Yes,All of script was delivered,2,1,5,4,5,5,The receptionist recorded the confederate's phone number so that the office manager could get back to the confederate.,5,1,5,1,4,1,4,5,46,Yes,Latinx,3,,,,,,
2,307,307.1,Male,6,Yes but the confederate did not ask if there were other supplies.,Most of script was delivered,2,1,4,2,5,3,He told the confederate that he didn't think that his clinic was interested and didn't ask anybody for a more definitive answer.,4,3,3,2,2,1,2,3,29,Yes,,,,,,,,
2,308,308.1,Female,7,Yes,Most of script was delivered,3,3,5,5,5,6,She put the confederate on hold so that she could check on the clinic's stock. She then told the confederate to call back later in the week as the order was going to be delivered.,5,1,5,1,4,1,6,5,76,Yes,White,2,,,,,,
2,309,309.1,Male,7,Yes,Most of script was delivered,2,2,7,5,6,7,"The receptionist told the confederate that it would most likely not be a problem to donate the brushes, but he was not the manager so he took down the confederate's number. ",7,1,7,1,5,1,6,7,72,,Latinx,3,,,,,,
2,309,309.2,Male,6,Yes but the confederate never asked if there were other supplies that the clinic could donate.,Most of script was delivered,4,1,7,6,7,7,He recognized the confederate and put her on hold to go ask the hygenist. He sounded noticeably disappointed when he had to tell the confederate that his clinic was not able to donate.,7,1,7,1,5,1,4,7,33,Yes,Latinx,3,,,,,,
2,310,310.1,Female,6,Yes but the confederate never asked if there were other supplies that the clinic could donate.,Most of script was delivered,3,2,5,2,4,2,The receptionist never asked anybody and assumed that her clinic was not able to donate.,5,3,5,1,3,1,3,4,25,Yes,White,1,,,,,,
2,311,311.1,Female,7,Yes,Most of script was delivered,2,4,6,6,5,6,The receptionist recorded a lot of information for the office manager including a phone number so the manager could get back to the confederate.,6,1,5,1,5,1,6,6,77,Yes,Black,5,,,,,,
2,311,311.2,Female,5,Callback so there were deviations,Most of script was delivered,2,3,6,6,6,7,The receptionist put the confederate on hold to go answer the question and it sounded like she was also moving around the office to look for toothbrushes. The receptionist also said that she would call the confederate if her clinic got more toothbrushes.,6,1,6,1,4,1,5,6,131,Yes,Black,5,,,,,,
2,312,312.1,Female,7,Yes,Most of script was delivered,2,1,4,5,5,6,She put the confederate on hold to go check their supply and then told the confederate to call back later in the week and the clinic could most likely donate.,5,1,3,2,3,1,4,5,53,Yes,Black,3,,,,,,
2,312,312.2,Female,7,Yes,Most of script was delivered,3,2,6,3,6,5,"The receptionist couldn't answer the question and the office was closed, so she told the confederate to call back the following day.",5,1,5,1,4,1,5,5,42,Yes,Black,6,,,,,,
2,313,313.1,Female,7,Yes,Most of script was delivered,1,1,6,5,5,6,The receptionist composed and sent an email to the clinic so that they could call the confederate back with an answer.,6,1,6,1,4,2,5,5,84,Yes,Latinx,4,,,,,,
2,313,313.2,Female,7,Yes,Most of script was delivered,1,1,5,4,4,5,She took down the confederate's number and told her that the manager would get back to her.,5,1,3,1,3,1,5,4,36,Yes,Black,4,,,,,,
2,313,313.3,Female,6,Callback so there were deviations,Most of script was delivered,4,3,6,6,5,7,The receptionist told the confederate that she could come pick up the toothbrushes.,6,1,5,1,5,2,7,6,89,Yes,Latinx,3,,,,,,
2,314,314.1,Female,7,Yes,Most of script was delivered,2,1,6,6,5,6,The receptionist recorded the confederate's information and would get back to the confederate.,6,1,6,1,5,3,5,6,114,Yes,White,4,,,,,,
2,315,315.1,Female,6,Yes but the confederate never asked if there were other supplies.,Most of script was delivered,1,1,4,2,5,3,The receptionist told the confederate that her clinic could not help them.,4,4,3,3,2,1,3,3,28,Yes,White,3,,,,,,
2,316,316.2,Female,7,Yes,Most of script was delivered,2,2,6,4,5,5,The receptionist asked for the confederate to send her information in an email format.,5,1,5,1,4,1,5,5,56,Yes,White,4,,,,,,
2,316,316.3,Female,6,"Yes, but the confederate broke from the script at one point.",Most of script was delivered,2,4,6,6,5,7,Very willing.,7,1,6,1,5,2,6,6,106,Yes,White,4,,,,,,
2,317,317.1,Female,7,Yes,Most of script was delivered,1,2,4,4,4,6,She recorded the confederate's number and forwarded the confederate's information to someone who could help.,4,1,3,1,3,2,5,4,76,Yes,Black,3,,,,,,
2,317,317.2,Female,7,Yes,All of script was delivered,1,1,5,4,5,4,"The receptionist told the confederate that her clinic had just donated, but if the confederate called back in a month, then the clinic could probably donate.",5,1,4,1,4,1,4,5,50,Yes,Latinx,3,,,,,,
2,319,319.1,Female,7,Yes,Most of script was delivered,1,1,4,3,5,3,She told the confederate that she would have to ask and then told the confederate to call back the following day.,4,3,4,2,2,1,3,3,34,Yes,Latinx,4,,,,,,
2,319,319.2,Female,5,Callback so there were deviations,Some of script was delivered,1,1,5,3,5,4,The receptionist told the confederate that the office manager wasn't in and to call back later in the day.,5,1,4,1,4,1,4,4,24,Yes,Latinx,7,,,,,,
2,319,319.3,Female,6,Callback so there were deviations,Some of script was delivered,1,2,5,3,4,4,She told the confederate to call back later in the afternoon the next day.,5,1,4,1,3,1,4,4,14,Yes,Latinx,4,,,,,,
2,320,320.1,Female,7,Yes,Most of script was delivered,1,2,6,4,5,5,She took down the confederate's number and told her that she would get back to her.,5,1,5,1,4,1,4,5,77,Yes,Latinx,2,,,,,,
2,322,322.1,Male,7,Yes,Most of script was delivered,1,1,6,5,6,5,"The receptionist asked for the confederate to send an email with the information, and then provided the email.",6,1,5,1,4,1,5,5,48,Yes,Latinx,3,,,,,,
2,322,322.3,Female,6,Yes but it was a callback so there were deviations,Most of script was delivered,1,1,5,5,4,4,She told the confederate to send another email to the person she sent one to before.,5,1,4,1,4,1,3,4,39,Yes,White,3,,,,,,
2,323,323.1,Female,7,Yes,Most of script was delivered,1,1,7,4,6,4,She didn't sound not willing to help but her clinic didn't have toothbrushes as they were a root canal only clinic.,7,1,7,1,4,1,4,7,38,Yes,White,6,,,,,,
2,324,324.1,Female,7,Yes,All of script was delivered,1,1,5,3,4,3,She told the confederate that she didn't have any toothbrushes to give.,4,3,4,2,2,1,3,3,37,,Asian,7,,,,,,
2,325,325.1,,7,Yes,Most of script was delivered,1,1,4,3,4,5,The receptionist recorded the confederate's phone number and told her that she would call right back.,4,1,3,1,4,1,5,4,44,Yes,White,3,,,,,,
2,325,325.3,Female,5,Callback so there were deviations,Some of script was delivered,1,1,5,4,5,5,She told the confederate to call back later and that they might have extra brushes.,5,1,5,1,4,1,3,4,33,Yes,White,6,,,,,,
2,325,325.5,Male,5,Callback so there deviations,Most of script was delivered,1,2,6,5,5,7,He was asking if the confederate would like floss or toothpaste and went to go ask someone if they knew about toothbrushes.,7,1,7,1,5,1,7,7,53,Yes,White,2,,,,,,
2,326,326.1,Female,7,Yes,Most of script was delivered,3,2,4,2,5,4,The receptionist told the confederate that the office was closed and to call back tomorrow.,4,1,4,1,4,1,3,4,26,Yes,Asian,7,,,,,,
2,326,326.3,Female,6,callback so there were deviations,Most of script was delivered,3,3,5,4,4,4,She told the confederate to call back and leave a message with someone.,4,1,2,1,3,1,3,4,38,,Asian,7,,,,,,
2,331,331.1,Female,7,Yes,Most of script was delivered,2,1,7,5,7,5,The receptionist told the confederate that she would need to email the clinic's marketing department.,7,1,7,1,5,1,5,6,55,Yes,White,5,,,,,,
2,331,331.2,Female,5,Callback so there were deviations,Some of script was delivered,2,3,5,4,5,4,The receptionist told the confederate to follow up with the same email that lead to no resposne.,5,1,5,1,4,1,4,5,67,Yes,White,5,,,,,,
2,185,185.2,,7,Yes,Most of script was delivered,2,4,7,6,6,6,"The receptionist gave the confederate a ""why not"" as an answer, and told the confederate to email the clinic so that the doctor could answer.  ",6,1,6,1,5,2,6,6,73,Yes,,,,,,,,
2,320,320.2,Female,5,Calback so there were deviations,Some of script was delivered,2,2,6,4,5,4,The receptionist told the confederate that she would have to reach out to the doctor on social media and then gave the confederate his name.,6,1,6,1,4,1,3,5,53,Yes,White,2,,,,,,